-- phpMyAdmin SQL Dump
-- version 5.2.1
-- https://www.phpmyadmin.net/
--
-- Host: 127.0.0.1
-- Generation Time: May 21, 2026 at 12:59 PM
-- Server version: 10.4.32-MariaDB
-- PHP Version: 8.2.12

CREATE DATABASE IF NOT EXISTS `dost-dev-db`
  DEFAULT CHARACTER SET utf8
  DEFAULT COLLATE utf8_general_ci;
USE `dost-dev-db`;

SET SQL_MODE = "NO_AUTO_VALUE_ON_ZERO";
START TRANSACTION;
SET time_zone = "+00:00";


/*!40101 SET @OLD_CHARACTER_SET_CLIENT=@@CHARACTER_SET_CLIENT */;
/*!40101 SET @OLD_CHARACTER_SET_RESULTS=@@CHARACTER_SET_RESULTS */;
/*!40101 SET @OLD_COLLATION_CONNECTION=@@COLLATION_CONNECTION */;
/*!40101 SET NAMES utf8mb4 */;

--
-- Database: `dost-dev-db`
--

-- --------------------------------------------------------

--
-- Table structure for table `archive_proposals_tbl`
--

CREATE TABLE `archive_proposals_tbl` (
  `id` int(200) NOT NULL,
  `ISP` varchar(200) NOT NULL,
  `programTitle` text NOT NULL,
  `projectTitle` text NOT NULL,
  `responsiblePerson` varchar(200) NOT NULL,
  `implementingAgency` varchar(200) NOT NULL,
  `leadTRD` varchar(200) NOT NULL,
  `funding` varchar(200) NOT NULL,
  `quarter` varchar(200) NOT NULL,
  `date` varchar(200) NOT NULL,
  `remarks` varchar(200) NOT NULL,
  `created_at` varchar(200) NOT NULL,
  `updated_at` varchar(200) NOT NULL,
  `deleted_at` varchar(200) NOT NULL
) ENGINE=InnoDB DEFAULT CHARSET=utf8 COLLATE=utf8_general_ci;

-- --------------------------------------------------------

--
-- Table structure for table `budget_tbl`
--

CREATE TABLE `budget_tbl` (
  `id` int(11) UNSIGNED NOT NULL,
  `project_id` int(11) NOT NULL,
  `year` int(4) NOT NULL,
  `amount` decimal(10,2) NOT NULL,
  `totalBudget` decimal(10,2) NOT NULL,
  `created_at` varchar(200) NOT NULL,
  `updated_at` varchar(200) NOT NULL,
  `deleted_at` varchar(200) NOT NULL
) ENGINE=InnoDB DEFAULT CHARSET=utf8 COLLATE=utf8_general_ci;

--
-- Dumping data for table `budget_tbl`
--

INSERT INTO `budget_tbl` (`id`, `project_id`, `year`, `amount`, `totalBudget`, `created_at`, `updated_at`, `deleted_at`) VALUES
(1, 1, 2020, 3070714.40, 8012143.27, '2024-05-09 10:05:07', '2024-05-14 12:33:48', ''),
(2, 1, 2021, 2470714.40, 8012143.27, '2024-05-09 10:05:07', '2024-05-14 12:33:48', ''),
(3, 1, 2022, 2470714.47, 8012143.27, '2024-05-09 10:05:07', '2024-05-14 12:33:48', ''),
(4, 3, 2024, 32424.00, 2286778.00, '2024-05-12 08:43:44', '2024-05-15 10:18:38', ''),
(5, 3, 2025, 123123.00, 2286778.00, '2024-05-12 08:43:44', '2024-05-15 10:18:38', ''),
(6, 3, 2026, 2131231.00, 2286778.00, '2024-05-12 08:43:44', '2024-05-15 10:18:38', ''),
(7, 8, 2024, 23234.00, 2156799.00, '2024-05-12 11:27:50', '2024-05-12 11:27:50', ''),
(8, 8, 2025, 2334.00, 2156799.00, '2024-05-12 11:27:50', '2024-05-12 11:27:50', ''),
(9, 8, 2026, 2131231.00, 2156799.00, '2024-05-12 11:27:50', '2024-05-12 11:27:50', ''),
(10, 12, 2024, 0.00, 0.00, '2024-05-12 11:35:12', '2024-05-12 11:35:12', ''),
(11, 12, 2025, 0.00, 0.00, '2024-05-12 11:35:12', '2024-05-12 11:35:12', ''),
(12, 12, 2026, 0.00, 0.00, '2024-05-12 11:35:12', '2024-05-12 11:35:12', ''),
(13, 14, 2024, 0.00, 0.00, '2024-05-12 11:41:36', '2024-05-12 11:41:36', ''),
(14, 14, 2025, 0.00, 0.00, '2024-05-12 11:41:36', '2024-05-12 11:41:36', ''),
(15, 14, 2026, 0.00, 0.00, '2024-05-12 11:41:36', '2024-05-12 11:41:36', ''),
(16, 18, 2024, 1232.00, 13553.00, '2024-05-12 12:07:25', '2024-05-12 12:07:25', ''),
(17, 18, 2025, 12321.00, 13553.00, '2024-05-12 12:07:25', '2024-05-12 12:07:25', ''),
(18, 19, 2024, 23123.00, 2155336.00, '2024-05-12 12:11:37', '2024-05-12 12:13:13', ''),
(19, 19, 2025, 2132213.00, 2155336.00, '2024-05-12 12:11:37', '2024-05-12 12:13:13', ''),
(20, 20, 2024, 0.00, 0.00, '2024-05-12 12:22:29', '2024-05-12 12:22:29', ''),
(21, 20, 2025, 0.00, 0.00, '2024-05-12 12:22:29', '2024-05-12 12:22:29', ''),
(22, 20, 2026, 0.00, 0.00, '2024-05-12 12:22:29', '2024-05-12 12:22:29', ''),
(23, 21, 2024, 0.00, 0.00, '2024-05-12 12:23:02', '2024-05-12 12:23:02', ''),
(24, 21, 2025, 0.00, 0.00, '2024-05-12 12:23:02', '2024-05-12 12:23:02', ''),
(25, 22, 2024, 0.00, 0.00, '2024-05-12 12:24:03', '2024-05-12 12:24:03', ''),
(26, 23, 2024, 0.00, 0.00, '2024-05-12 13:09:20', '2024-05-12 13:09:20', ''),
(27, 24, 2024, 0.00, 0.00, '2024-05-12 13:18:06', '2024-05-12 13:18:06', ''),
(28, 25, 2024, 0.00, 0.00, '2024-05-15 12:13:42', '2024-05-15 12:13:42', ''),
(29, 25, 2025, 0.00, 0.00, '2024-05-15 12:13:42', '2024-05-15 12:13:42', ''),
(30, 26, 2024, 0.00, 0.00, '2024-05-15 12:13:49', '2024-05-15 12:13:49', ''),
(31, 26, 2025, 0.00, 0.00, '2024-05-15 12:13:49', '2024-05-15 12:13:49', ''),
(32, 27, 2024, 0.00, 0.00, '2024-05-15 12:13:50', '2024-05-15 12:13:50', ''),
(33, 27, 2025, 0.00, 0.00, '2024-05-15 12:13:50', '2024-05-15 12:13:50', ''),
(34, 28, 2024, 0.00, 0.00, '2024-05-15 12:13:52', '2024-05-15 12:13:52', ''),
(35, 28, 2025, 0.00, 0.00, '2024-05-15 12:13:52', '2024-05-15 12:13:52', ''),
(36, 29, 2024, 0.00, 0.00, '2024-05-15 12:18:59', '2024-05-15 12:18:59', ''),
(37, 29, 2025, 0.00, 0.00, '2024-05-15 12:18:59', '2024-05-15 12:18:59', ''),
(38, 30, 2024, 0.00, 0.00, '2024-05-18 11:39:27', '2024-05-18 11:39:27', ''),
(39, 30, 2025, 0.00, 0.00, '2024-05-18 11:39:27', '2024-05-18 11:39:27', ''),
(40, 30, 2026, 0.00, 0.00, '2024-05-18 11:39:27', '2024-05-18 11:39:27', ''),
(41, 31, 2023, 0.00, 0.00, '2024-05-20 13:51:00', '2024-05-20 13:51:00', ''),
(42, 31, 2024, 0.00, 0.00, '2024-05-20 13:51:00', '2024-05-20 13:51:00', ''),
(43, 31, 2025, 0.00, 0.00, '2024-05-20 13:51:00', '2024-05-20 13:51:00', ''),
(44, 31, 2026, 0.00, 0.00, '2024-05-20 13:51:00', '2024-05-20 13:51:00', ''),
(45, 32, 2024, 0.00, 0.00, '2024-05-21 07:50:25', '2024-05-21 07:50:25', ''),
(46, 32, 2025, 0.00, 0.00, '2024-05-21 07:50:25', '2024-05-21 07:50:25', ''),
(47, 32, 2026, 0.00, 0.00, '2024-05-21 07:50:25', '2024-05-21 07:50:25', ''),
(48, 32, 2027, 0.00, 0.00, '2024-05-21 07:50:25', '2024-05-21 07:50:25', ''),
(49, 33, 2023, 0.00, 0.00, '2024-05-21 07:53:11', '2024-05-21 07:53:11', ''),
(50, 33, 2024, 0.00, 0.00, '2024-05-21 07:53:11', '2024-05-21 07:53:11', ''),
(51, 33, 2025, 0.00, 0.00, '2024-05-21 07:53:11', '2024-05-21 07:53:11', ''),
(52, 33, 2026, 0.00, 0.00, '2024-05-21 07:53:11', '2024-05-21 07:53:11', ''),
(53, 34, 2024, 32432.00, 32432.00, '2024-05-21 10:39:28', '2024-05-27 09:31:30', ''),
(54, 34, 2025, 0.00, 32432.00, '2024-05-21 10:39:28', '2024-05-27 09:31:30', ''),
(55, 35, 2024, 0.00, 0.00, '2024-06-11 00:08:15', '2024-06-11 00:08:15', ''),
(56, 36, 2024, 0.00, 0.00, '2024-07-14 04:30:09', '2024-07-14 04:30:09', ''),
(57, 36, 2025, 0.00, 0.00, '2024-07-14 04:30:09', '2024-07-14 04:30:09', ''),
(58, 36, 2026, 0.00, 0.00, '2024-07-14 04:30:09', '2024-07-14 04:30:09', ''),
(59, 37, 2024, 0.00, 0.00, '2024-09-22 07:45:24', '2024-09-22 07:45:24', ''),
(60, 38, 2024, 0.00, 0.00, '2024-09-22 08:03:19', '2024-09-22 08:03:19', ''),
(61, 39, 2024, 0.00, 0.00, '2024-09-22 08:25:25', '2024-09-22 08:25:25', ''),
(62, 40, 2024, 0.00, 0.00, '2024-09-23 07:12:13', '2024-09-23 07:12:13', ''),
(63, 41, 2024, 2342432.00, 5009998.00, '2024-09-26 03:26:03', '2024-09-26 03:26:31', ''),
(64, 41, 2025, 324324.00, 5009998.00, '2024-09-26 03:26:03', '2024-09-26 03:26:31', ''),
(65, 41, 2026, 2343242.00, 5009998.00, '2024-09-26 03:26:03', '2024-09-26 03:26:31', '');

-- --------------------------------------------------------

--
-- Table structure for table `counterpartfund_tbl`
--

CREATE TABLE `counterpartfund_tbl` (
  `id` int(11) UNSIGNED NOT NULL,
  `project_id` int(11) NOT NULL,
  `year` int(4) NOT NULL,
  `amount` decimal(10,2) NOT NULL,
  `totalFund` decimal(10,2) NOT NULL,
  `created_at` varchar(200) NOT NULL,
  `updated_at` varchar(200) NOT NULL,
  `deleted_at` varchar(200) NOT NULL
) ENGINE=InnoDB DEFAULT CHARSET=utf8 COLLATE=utf8_general_ci;

--
-- Dumping data for table `counterpartfund_tbl`
--

INSERT INTO `counterpartfund_tbl` (`id`, `project_id`, `year`, `amount`, `totalFund`, `created_at`, `updated_at`, `deleted_at`) VALUES
(1, 1, 0, 3243241.00, 3243241.00, '2024-05-09 10:05:07', '2024-05-12 08:37:32', ''),
(2, 2, 0, 0.00, 0.00, '2024-05-09 10:06:54', '2024-05-09 10:06:54', ''),
(3, 3, 2024, 213123.00, 370496.00, '2024-05-12 08:43:44', '2024-05-12 08:44:50', ''),
(4, 3, 2025, 34242.00, 370496.00, '2024-05-12 08:43:44', '2024-05-12 08:44:50', ''),
(5, 3, 2026, 123131.00, 370496.00, '2024-05-12 08:43:44', '2024-05-12 08:44:50', ''),
(6, 10, 2024, 0.00, 0.00, '2024-05-12 11:31:57', '2024-05-12 11:31:57', ''),
(7, 10, 2025, 0.00, 0.00, '2024-05-12 11:31:57', '2024-05-12 11:31:57', ''),
(8, 10, 2026, 0.00, 0.00, '2024-05-12 11:31:57', '2024-05-12 11:31:57', ''),
(9, 10, 2027, 0.00, 0.00, '2024-05-12 11:31:57', '2024-05-12 11:31:57', ''),
(10, 12, 2024, 0.00, 0.00, '2024-05-12 11:35:12', '2024-05-12 11:35:12', ''),
(11, 12, 2025, 0.00, 0.00, '2024-05-12 11:35:12', '2024-05-12 11:35:12', ''),
(12, 12, 2026, 0.00, 0.00, '2024-05-12 11:35:12', '2024-05-12 11:35:12', ''),
(13, 13, 2024, 0.00, 0.00, '2024-05-12 11:40:03', '2024-05-12 11:40:03', ''),
(14, 13, 2025, 0.00, 0.00, '2024-05-12 11:40:03', '2024-05-12 11:40:03', ''),
(15, 13, 2026, 0.00, 0.00, '2024-05-12 11:40:03', '2024-05-12 11:40:03', ''),
(16, 14, 2024, 0.00, 0.00, '2024-05-12 11:41:36', '2024-05-12 11:41:36', ''),
(17, 14, 2025, 0.00, 0.00, '2024-05-12 11:41:36', '2024-05-12 11:41:36', ''),
(18, 14, 2026, 0.00, 0.00, '2024-05-12 11:41:36', '2024-05-12 11:41:36', ''),
(19, 20, 2024, 0.00, 0.00, '2024-05-12 12:22:29', '2024-05-12 12:22:29', ''),
(20, 20, 2025, 0.00, 0.00, '2024-05-12 12:22:29', '2024-05-12 12:22:29', ''),
(21, 20, 2026, 0.00, 0.00, '2024-05-12 12:22:29', '2024-05-12 12:22:29', ''),
(22, 21, 2024, 0.00, 0.00, '2024-05-12 12:23:02', '2024-05-12 12:23:02', ''),
(23, 21, 2025, 0.00, 0.00, '2024-05-12 12:23:02', '2024-05-12 12:23:02', ''),
(24, 22, 2024, 0.00, 0.00, '2024-05-12 12:24:03', '2024-05-12 12:24:03', ''),
(25, 23, 2024, 0.00, 0.00, '2024-05-12 13:09:20', '2024-05-12 13:09:20', ''),
(26, 24, 2024, 0.00, 0.00, '2024-05-12 13:18:06', '2024-05-12 13:18:06', ''),
(27, 25, 2024, 0.00, 0.00, '2024-05-15 12:13:42', '2024-05-15 12:13:42', ''),
(28, 25, 2025, 0.00, 0.00, '2024-05-15 12:13:42', '2024-05-15 12:13:42', ''),
(29, 26, 2024, 0.00, 0.00, '2024-05-15 12:13:49', '2024-05-15 12:13:49', ''),
(30, 26, 2025, 0.00, 0.00, '2024-05-15 12:13:49', '2024-05-15 12:13:49', ''),
(31, 27, 2024, 0.00, 0.00, '2024-05-15 12:13:50', '2024-05-15 12:13:50', ''),
(32, 27, 2025, 0.00, 0.00, '2024-05-15 12:13:50', '2024-05-15 12:13:50', ''),
(33, 28, 2024, 23434.00, 2336646.00, '2024-05-15 12:13:52', '2024-05-18 06:52:16', ''),
(34, 28, 2025, 2313212.00, 2336646.00, '2024-05-15 12:13:52', '2024-05-18 06:52:16', ''),
(35, 29, 2024, 99999999.99, 99999999.99, '2024-05-15 12:18:59', '2024-05-18 06:55:35', ''),
(36, 29, 2025, 123123.00, 99999999.99, '2024-05-15 12:18:59', '2024-05-18 06:55:35', ''),
(37, 30, 2024, 0.00, 0.00, '2024-05-18 11:39:27', '2024-05-18 11:39:27', ''),
(38, 30, 2025, 0.00, 0.00, '2024-05-18 11:39:27', '2024-05-18 11:39:27', ''),
(39, 30, 2026, 0.00, 0.00, '2024-05-18 11:39:27', '2024-05-18 11:39:27', ''),
(40, 31, 2023, 0.00, 0.00, '2024-05-20 13:51:00', '2024-05-20 13:51:00', ''),
(41, 31, 2024, 0.00, 0.00, '2024-05-20 13:51:00', '2024-05-20 13:51:00', ''),
(42, 31, 2025, 0.00, 0.00, '2024-05-20 13:51:00', '2024-05-20 13:51:00', ''),
(43, 31, 2026, 0.00, 0.00, '2024-05-20 13:51:00', '2024-05-20 13:51:00', ''),
(44, 32, 2024, 0.00, 0.00, '2024-05-21 07:50:25', '2024-05-21 07:50:25', ''),
(45, 32, 2025, 0.00, 0.00, '2024-05-21 07:50:25', '2024-05-21 07:50:25', ''),
(46, 32, 2026, 0.00, 0.00, '2024-05-21 07:50:25', '2024-05-21 07:50:25', ''),
(47, 32, 2027, 0.00, 0.00, '2024-05-21 07:50:25', '2024-05-21 07:50:25', ''),
(48, 33, 2023, 0.00, 0.00, '2024-05-21 07:53:11', '2024-05-21 07:53:11', ''),
(49, 33, 2024, 0.00, 0.00, '2024-05-21 07:53:11', '2024-05-21 07:53:11', ''),
(50, 33, 2025, 0.00, 0.00, '2024-05-21 07:53:11', '2024-05-21 07:53:11', ''),
(51, 33, 2026, 0.00, 0.00, '2024-05-21 07:53:11', '2024-05-21 07:53:11', ''),
(52, 34, 2024, 2342343.00, 4685565.00, '2024-05-21 10:39:28', '2024-05-22 10:25:28', ''),
(53, 34, 2025, 2343222.00, 4685565.00, '2024-05-21 10:39:28', '2024-05-22 10:25:28', ''),
(54, 35, 2024, 0.00, 0.00, '2024-06-11 00:08:14', '2024-06-11 00:08:14', ''),
(55, 36, 2024, 0.00, 0.00, '2024-07-14 04:30:09', '2024-07-14 04:30:09', ''),
(56, 36, 2025, 0.00, 0.00, '2024-07-14 04:30:09', '2024-07-14 04:30:09', ''),
(57, 36, 2026, 0.00, 0.00, '2024-07-14 04:30:09', '2024-07-14 04:30:09', ''),
(58, 37, 2024, 0.00, 0.00, '2024-09-22 07:45:24', '2024-09-22 07:45:24', ''),
(59, 38, 2024, 0.00, 0.00, '2024-09-22 08:03:19', '2024-09-22 08:03:19', ''),
(60, 39, 2024, 0.00, 0.00, '2024-09-22 08:25:25', '2024-09-22 08:25:25', ''),
(61, 40, 2024, 0.00, 0.00, '2024-09-23 07:12:13', '2024-09-23 07:12:13', ''),
(62, 41, 2024, 0.00, 0.00, '2024-09-26 03:26:03', '2024-09-26 03:26:03', ''),
(63, 41, 2025, 0.00, 0.00, '2024-09-26 03:26:03', '2024-09-26 03:26:03', ''),
(64, 41, 2026, 0.00, 0.00, '2024-09-26 03:26:03', '2024-09-26 03:26:03', '');

-- --------------------------------------------------------

--
-- Table structure for table `files_tbl`
--

CREATE TABLE `files_tbl` (
  `id` int(11) UNSIGNED NOT NULL,
  `project_id` int(11) NOT NULL,
  `implementationFilename` varchar(200) NOT NULL,
  `implementationFilepath` varchar(200) NOT NULL,
  `extensionFilename` varchar(200) NOT NULL,
  `extensionFilepath` varchar(200) NOT NULL,
  `realignmentFilename` varchar(200) NOT NULL,
  `realignmentFilepath` varchar(200) NOT NULL,
  `created_at` varchar(200) NOT NULL,
  `updated_at` varchar(200) NOT NULL,
  `deleted_at` varchar(200) NOT NULL
) ENGINE=InnoDB DEFAULT CHARSET=utf8 COLLATE=utf8_general_ci;

--
-- Dumping data for table `files_tbl`
--

INSERT INTO `files_tbl` (`id`, `project_id`, `implementationFilename`, `implementationFilepath`, `extensionFilename`, `extensionFilepath`, `realignmentFilename`, `realignmentFilepath`, `created_at`, `updated_at`, `deleted_at`) VALUES
(1, 30, 'consent-qpl.pdf', 'C:\\xampp\\htdocs\\DOST-Project\\backend\\writable\\uploads/consent-qpl.pdf', '', '', '', '', '2024-05-18 11:39:27', '2024-05-20 11:35:40', ''),
(3, 31, 'Screenshot 2024-05-14 140809.png', 'C:\\xampp\\htdocs\\DOST-Project\\backend\\writable\\uploads/Screenshot 2024-05-14 140809.png', '', '', '', '', '2024-05-20 13:51:00', '2024-05-20 13:53:02', ''),
(4, 32, '', '', '', '', '', '', '2024-05-21 07:50:25', '2024-05-21 07:50:25', ''),
(5, 33, '', '', '', '', '', '', '2024-05-21 07:53:11', '2024-05-21 07:53:11', ''),
(6, 34, 'Screenshot 2024-05-19 223041.png', 'C:\\xampp\\htdocs\\DOST-Project\\backend\\writable\\uploads/Screenshot 2024-05-19 223041.png', 'consent-qpl.pdf', 'C:\\xampp\\htdocs\\DOST-Project\\backend\\writable\\uploads/consent-qpl.pdf', 'IMRAD 01-17-2024 (Final).pdf', 'C:\\xampp\\htdocs\\DOST-Project\\backend\\writable\\uploads/IMRAD 01-17-2024 (Final).pdf', '2024-05-21 10:39:28', '2024-05-22 13:24:01', ''),
(7, 35, '', '', '', '', '', '', '2024-06-11 00:08:15', '2024-06-11 00:08:15', ''),
(8, 36, '', '', '', '', '', '', '2024-07-14 04:30:09', '2024-07-14 04:30:09', ''),
(9, 37, '', '', '', '', '', '', '2024-09-22 07:45:24', '2024-09-22 07:45:24', ''),
(10, 38, '', '', '', '', '', '', '2024-09-22 08:03:19', '2024-09-22 08:03:19', ''),
(11, 39, '', '', '', '', '', '', '2024-09-22 08:25:25', '2024-09-22 08:25:25', ''),
(12, 40, '', '', '', '', '', '', '2024-09-23 07:12:13', '2024-09-23 07:12:13', ''),
(13, 41, '', '', '', '', '', '', '2024-09-26 03:26:03', '2024-09-26 03:26:03', '');

-- --------------------------------------------------------

--
-- Table structure for table `migrations`
--

CREATE TABLE `migrations` (
  `id` bigint(20) UNSIGNED NOT NULL,
  `version` varchar(255) NOT NULL,
  `class` varchar(255) NOT NULL,
  `group` varchar(255) NOT NULL,
  `namespace` varchar(255) NOT NULL,
  `time` int(11) NOT NULL,
  `batch` int(11) UNSIGNED NOT NULL
) ENGINE=InnoDB DEFAULT CHARSET=utf8 COLLATE=utf8_general_ci;

--
-- Dumping data for table `migrations`
--

INSERT INTO `migrations` (`id`, `version`, `class`, `group`, `namespace`, `time`, `batch`) VALUES
(1, '2024-03-20-072414', 'App\\Database\\Migrations\\Proposals', 'default', 'App', 1715246237, 1),
(2, '2024-04-09-133659', 'App\\Database\\Migrations\\Projects', 'default', 'App', 1715246237, 1),
(3, '2024-04-11-064348', 'App\\Database\\Migrations\\Budget', 'default', 'App', 1715246237, 1),
(5, '2024-04-27-123755', 'App\\Database\\Migrations\\Releases', 'default', 'App', 1715246237, 1),
(6, '2024-05-01-084713', 'App\\Database\\Migrations\\CounterpartFund', 'default', 'App', 1715246237, 1),
(7, '2024-05-05-105847', 'App\\Database\\Migrations\\ArchiveProposals', 'default', 'App', 1715246237, 1),
(8, '2024-05-05-145621', 'App\\Database\\Migrations\\ArchiveProjects', 'default', 'App', 1715246237, 1),
(9, '2024-05-05-145653', 'App\\Database\\Migrations\\ArchiveBudget', 'default', 'App', 1715246237, 1),
(10, '2024-05-05-145715', 'App\\Database\\Migrations\\ArchiveReleases', 'default', 'App', 1715246237, 1),
(11, '2024-05-05-145728', 'App\\Database\\Migrations\\ArchiveCounterpartFund', 'default', 'App', 1715246237, 1),
(12, '2024-05-08-150135', 'App\\Database\\Migrations\\SixPS', 'default', 'App', 1715246237, 1),
(15, '2024-04-15-070133', 'App\\Database\\Migrations\\User', 'default', 'App', 1715246983, 2),
(17, '2024-05-15-121511', 'App\\Database\\Migrations\\Upload', 'default', 'App', 1716029507, 3);

-- --------------------------------------------------------

--
-- Table structure for table `projects_tbl`
--

CREATE TABLE `projects_tbl` (
  `id` int(200) NOT NULL,
  `projectCode` varchar(200) NOT NULL,
  `ISP` varchar(200) NOT NULL,
  `programTitle` text NOT NULL,
  `projectTitle` text NOT NULL,
  `responsiblePerson` varchar(200) NOT NULL,
  `funding` varchar(200) NOT NULL,
  `implementingAgency` varchar(200) NOT NULL,
  `programLeader` varchar(200) NOT NULL,
  `emailAddress` varchar(200) NOT NULL,
  `contactNumber` varchar(200) NOT NULL,
  `postalAddress` varchar(200) NOT NULL,
  `cooperatingAgency` varchar(200) NOT NULL,
  `originalStart` varchar(200) NOT NULL,
  `originalEnd` varchar(200) NOT NULL,
  `changeStart` varchar(200) NOT NULL,
  `changeImplementationDate` varchar(200) NOT NULL,
  `firstExtension` varchar(200) NOT NULL,
  `secondExtension` varchar(200) NOT NULL,
  `objectives` text NOT NULL,
  `description` text NOT NULL,
  `deliverables` text NOT NULL,
  `beneficiaries` text NOT NULL,
  `status` varchar(200) NOT NULL,
  `remarks` varchar(200) NOT NULL,
  `dcY1Approval` varchar(200) NOT NULL,
  `gcY1Approval` varchar(200) NOT NULL,
  `execomY1Approval` varchar(200) NOT NULL,
  `dcY2Renewal` varchar(200) NOT NULL,
  `gcY2Renewal` varchar(200) NOT NULL,
  `execomY2Renewal` varchar(200) NOT NULL,
  `dcY3Renewal` varchar(200) NOT NULL,
  `gcY3Renewal` varchar(200) NOT NULL,
  `execomY3Renewal` varchar(200) NOT NULL,
  `inceptionMeeting` varchar(200) NOT NULL,
  `mande` varchar(200) NOT NULL,
  `y1BudgetRealignment` varchar(200) NOT NULL,
  `y2BudgetRealignment` varchar(200) NOT NULL,
  `y3BudgetRealignment` varchar(200) NOT NULL,
  `programReview` varchar(200) NOT NULL,
  `terminalReview` varchar(200) NOT NULL,
  `submissionTerminal` varchar(200) NOT NULL,
  `created_by` varchar(200) NOT NULL,
  `created_at` varchar(200) NOT NULL,
  `updated_at` varchar(200) NOT NULL,
  `deleted_at` varchar(200) NOT NULL
) ENGINE=InnoDB DEFAULT CHARSET=utf8 COLLATE=utf8_general_ci;

--
-- Dumping data for table `projects_tbl`
--

INSERT INTO `projects_tbl` (`id`, `projectCode`, `ISP`, `programTitle`, `projectTitle`, `responsiblePerson`, `funding`, `implementingAgency`, `programLeader`, `emailAddress`, `contactNumber`, `postalAddress`, `cooperatingAgency`, `originalStart`, `originalEnd`, `changeStart`, `changeImplementationDate`, `firstExtension`, `secondExtension`, `objectives`, `description`, `deliverables`, `beneficiaries`, `status`, `remarks`, `dcY1Approval`, `gcY1Approval`, `execomY1Approval`, `dcY2Renewal`, `gcY2Renewal`, `execomY2Renewal`, `dcY3Renewal`, `gcY3Renewal`, `execomY3Renewal`, `inceptionMeeting`, `mande`, `y1BudgetRealignment`, `y2BudgetRealignment`, `y3BudgetRealignment`, `programReview`, `terminalReview`, `submissionTerminal`, `created_by`, `created_at`, `updated_at`, `deleted_at`) VALUES
(1, '', '', '', '', '', '', '', '', '', '', '', '', '2024-05-01', '2026-12-31', '', '', '', '', '', '', '', '', '', '', '', '', '', '', '', '', '', '', '', '', '', '', '', '', '', '', '', '', '2024-05-09 10:05:07', '2024-05-16 13:11:23', ''),
(2, '', 'MilkFish', '', '', '', '', 'CLSU-FAC', '', '', '', '', '', '', '', '', '', '', '', '', '', '', '', '', 'Ongoing', '', '', '', '', '', '', '', '', '', '', '', '', '', '', '', '', '', '', '2024-05-09 10:06:54', '2024-05-15 10:18:01', ''),
(3, '', 'Tilapia', 'sfs', 'sdf', '', '', 'CLSU-FAC', '', '', '', '', '', '2024-05-01', '2026-01-31', '', '', '', '', '', '', '', '', '', 'Ongoing', '', '', '', '', '', '', '', '', '', '', '', '', '', '', '', '', '', '', '2024-05-12 08:43:44', '2024-05-15 10:18:38', ''),
(4, '', 'MilkFish', '', '', '', '', '', '', '', '', '', '', '', '', '', '', '', '', '', '', '', '', '', '', '', '', '', '', '', '', '', '', '', '', '', '', '', '', '', '', '', '', '2024-05-12 10:00:18', '2024-05-12 10:00:18', ''),
(5, '', 'Tilapia', '', '', '', '', '', '', '', '', '', '', '', '', '', '', '', '', '', '', '', '', '', '', '', '', '', '', '', '', '', '', '', '', '', '', '', '', '', '', '', '', '2024-05-12 10:08:46', '2024-05-12 10:08:46', ''),
(6, '', '', 'sada', '', '', '', '', '', '', '', '', '', '', '', '', '', '', '', '', '', '', '', '', '', '', '', '', '', '', '', '', '', '', '', '', '', '', '', '', '', '', '', '2024-05-12 10:16:53', '2024-05-12 10:16:53', ''),
(7, '', '', '', '', '', '', '', '', 'sfsdfsfds@gmail.com', '', '', '', '', '', '', '', '', '', '', '', '', '', '', '', '', '', '', '', '', '', '', '', '', '', '', '', '', '', '', '', '', '', '2024-05-12 11:23:46', '2024-05-12 11:23:46', ''),
(8, '', 'Aquafeeds', '', '', '', '', '', '', 'asdasd@gmail.com', '', '', '', '2024-05-01', '2026-12-31', '', '', '', '', '', '', '', '', '', '', '', '', '', '', '', '', '', '', '', '', '', '', '', '', '', '', '', '', '2024-05-12 11:25:55', '2024-05-12 11:27:50', ''),
(9, '', 'Inland Biodiversity (Ayungin)', '', '', '', '', '', '', 'adsd@gmail.com', '', '', '', '2024-05-01', '2027-12-31', '', '', '', '', '', '', '', '', '', '', '', '', '', '', '', '', '', '', '', '', '', '', '', '', '', '', '', '', '2024-05-12 11:30:24', '2024-05-12 11:30:24', ''),
(10, '', 'Inland Biodiversity (Goby)', '', '', '', '', '', '', 'adsad@gmail.com', '', '', '', '2023-01-01', '2025-12-31', '2022-11-18', '', '', '', '', '', '', '', '', '', '', '', '', '', '', '', '', '', '', '', '', '', '', '', '', '', '', '', '2024-05-12 11:31:57', '2024-05-18 09:20:35', ''),
(11, '', 'Aquafeeds', '', '', '', '', '', '', 'sdasd@gmail.com', '', '', '', '2024-05-01', '2025-12-17', '', '', '', '', '', '', '', '', '', '', '', '', '', '', '', '', '', '', '', '', '', '', '', '', '', '', '', '', '2024-05-12 11:33:50', '2024-05-12 11:33:50', ''),
(12, '', 'Inland Biodiversity (Knifefish)', '', '', '', '', '', '', 'wqeqw@gmail.com', '', '', '', '2024-05-01', '2026-07-15', '', '', '', '', '', '', '', '', '', '', '', '', '', '', '', '', '', '', '', '', '', '', '', '', '', '', '', '', '2024-05-12 11:35:12', '2024-05-12 11:35:12', ''),
(13, '', 'Shrimp', '', '', '', '', '', '', 'asda@gmail.com', '', '', '', '2024-05-01', '2026-07-23', '', '', '', '', '', '', '', '', '', '', '', '', '', '', '', '', '', '', '', '', '', '', '', '', '', '', '', '', '2024-05-12 11:40:03', '2024-05-12 11:40:03', ''),
(14, '', 'Shrimp', '', '', '', '', '', '', 'asda@gmail.com', '', '', '', '2024-05-01', '2026-07-23', '', '', '', '', '', '', '', '', '', '', '', '', '', '', '', '', '', '', '', '', '', '', '', '', '', '', '', '', '2024-05-12 11:41:36', '2024-05-12 11:41:36', ''),
(15, '', 'Mussel', '', '', '', '', '', '', '', '', '', '', '', '', '', '', '', '', '', '', '', '', '', '', '', '', '', '', '', '', '', '', '', '', '', '', '', '', '', '', '', '', '2024-05-12 11:52:04', '2024-05-12 11:52:04', ''),
(16, '', '', '', '', '', '', '', '', 'asdasa@gmail.com', '', '', '', '', '', '', '', '', '', '', '', '', '', '', '', '', '', '', '', '', '', '', '', '', '', '', '', '', '', '', '', '', '', '2024-05-12 11:53:11', '2024-05-12 11:53:11', ''),
(17, '', 'Shrimp', '', '', '', '', '', '', '', '', '', '', '', '', '', '', '', '', '', '', '', '', '', '', '', '', '', '', '', '', '', '', '', '', '', '', '', '', '', '', '', '', '2024-05-12 11:59:05', '2024-05-12 11:59:05', ''),
(18, '', 'Shrimp', '', '', '', '', '', '', 'asdad@gmail.com', '', '', '', '2024-05-01', '2025-11-12', '', '', '', '', '', '', '', '', '', '', '', '', '', '', '', '', '', '', '', '', '', '', '', '', '', '', '', '', '2024-05-12 12:05:44', '2024-05-12 12:07:25', ''),
(19, '', 'Tilapia', '', '', '', '', '', '', '', '', '', '', '2024-05-01', '2025-07-26', '', '', '', '', '', '', '', '', '', '', '', '', '', '', '', '', '', '', '', '', '', '', '', '', '', '', '', '', '2024-05-12 12:09:59', '2024-05-12 12:13:13', ''),
(20, '', 'Shrimp', '', '', '', '', '', '', '', '', '', '', '2024-05-02', '2026-06-11', '', '', '', '', '', '', '', '', '', '', '', '', '', '', '', '', '', '', '', '', '', '', '', '', '', '', '', '', '2024-05-12 12:22:29', '2024-05-12 12:22:29', ''),
(21, '', 'Mussel', '', '', '', '', '', '', '', '', '', '', '2024-05-03', '2025-08-16', '', '', '', '', '', '', '', '', '', '', '', '', '', '', '', '', '', '', '', '', '', '', '', '', '', '', '', '', '2024-05-12 12:23:02', '2024-05-12 12:23:02', ''),
(22, '', 'Inland Biodiversity (Cyprinids)', 'assad', 'asdadsad', '', '', '', '', '', '', '', '', '2024-05-02', '2024-05-15', '', '', '', '', '', '', '', '', '', '', '', '', '', '', '', '', '', '', '', '', '', '', '', '', '', '', '', '', '2024-05-12 12:24:03', '2024-05-15 10:20:09', ''),
(23, '', 'Mussel', 'asdsad', 'asdasd', '', '', '', '', '', '', '', '', '2024-05-08', '2024-05-29', '', '', '', '', '', '', '', '', '', '', '', '', '', '', '', '', '', '', '', '', '', '', '', '', '', '', '', '', '2024-05-12 13:09:20', '2024-05-12 13:09:20', ''),
(24, '', 'Aquafeeds', 'dsfsdf', 'dsf', '', '', '', '', '', '', '', '', '2024-05-16', '2024-05-29', '', '', '', '', '', '', '', '', '', '', '', '', '', '', '', '', '', '', '', '', '', '', '', '', '', '', '', '', '2024-05-12 13:18:06', '2024-05-12 13:18:06', ''),
(25, '', 'MilkFish', 'dasdsa', 'asdas', '', '', '', '', '', '', '', '', '2024-05-10', '2025-06-15', '', '', '', '', '', '', '', '', '', '', '', '', '', '', '', '', '', '', '', '', '', '', '', '', '', '', '', '', '2024-05-15 12:13:42', '2024-05-15 12:13:42', ''),
(26, '', 'MilkFish', 'dasdsa', 'asdas', '', '', '', '', '', '', '', '', '2024-05-10', '2025-06-15', '', '', '', '', '', '', '', '', '', '', '', '', '', '', '', '', '', '', '', '', '', '', '', '', '', '', '', '', '2024-05-15 12:13:49', '2024-05-15 12:13:49', ''),
(27, '', '', '', '', '', '', 'ddddddddddddddddddddddddddddddddddddddddddddddddddddddddddddddddddddddddddddddddddddddddddddddddddddddddddddddddddddddddddddddddddddddddddddddddddddddddddddddddddddddddddddddddddddddd', '', '', '', '', '', '', '', '', '', '', '', '', '', '', '', '', 'Ongoing', '', '', '', '', '', '', '', '', '', '', '', '', '', '', '', '', '', '', '2024-05-15 12:13:50', '2024-05-16 10:00:30', ''),
(28, '', 'MilkFish', 'sdads', 'ang bobo ko', '', '', '', '', '', '', '', '', '2024-05-01', '2026-12-31', '2024-05-15', '2027-07-17', '2024-05-18 - 2025-07-31', '2026-10-07 - 2027-11-24', '', '', '', '', '', '', '2024-05-16', '2024-05-25', '2024-05-13', '2024-05-25', '2024-05-23', '2024-05-22', '2024-05-24', '2024-05-15', '2024-05-22', '2024-05-21 - 2024-05-20', '2024-05-21, 2024-05-13 - 2024-05-13', '2024-05-14, 2024-05-15', '2024-05-22 - 2024-05-28, 2024-05-23 - 2024-05-21', '2024-05-15, 2024-05-14 - 2024-05-14', '2024-05-29, 2024-05-22 - 2024-05-12, 2024-05-29 - 2024-05-20', '2024-05-15', '2024-05-23', '', '2024-05-15 12:13:52', '2024-05-18 10:04:42', ''),
(29, '', 'Inland Biodiversity (Knifefish)', 'sfdsfdsf', 'sdfsdfsdf', '', '', '', '', '', '', '', '', '', '', '', '', '', '', '', '', '', '', '', '', '', '', '', '', '', '', '', '', '', '', '', '', '', '', '', '', '', '', '2024-05-15 12:18:59', '2024-05-16 11:46:24', ''),
(30, '', 'Mussel', 'image na title', 'image na title', '', '', '', '', '', '', '', '', '2024-05-01', '2026-12-31', '', '', '', '', '', '', '', '', '', '', '', '', '', '', '', '', '', '', '', '', '', '', '', '', '', '', '', '', '2024-05-18 11:39:27', '2024-05-18 11:39:27', ''),
(31, '', 'Mangrove Crab', 'new', 'bago', '', '', '', '', '', '', '', '', '2023-11-08', '2026-06-18', '', '', '', '', '', '', '', '', '', 'New', '', '', '', '', '', '', '', '', '', '', '', '', '', '', '', '', '', 'sample sample', '2024-05-20 13:51:00', '2024-05-20 13:51:00', ''),
(32, '', 'Tilapia', 'para sa 6ps', 'para sa 6ps', '', '', '', '', '', '', '', '', '2024-05-01', '2027-12-31', '', '', '', '', '', '', '', '', '', 'New', '', '', '', '', '', '', '', '', '', '', '', '', '', '', '', '', '', 'Joshua Barte', '2024-05-21 07:50:25', '2024-05-21 07:50:37', ''),
(33, '', 'Tilapia', '', '', '', '', '', '', '', '', '', '', '', '', '', '', '', '', '', '', '', '', '', '', '', '', '', '', '', '', '', '', '', '', '', '', '', '', '', '', '', 'Joshua Barte', '2024-05-21 07:53:11', '2024-06-02 04:51:56', ''),
(34, '', 'Inland Biodiversity (Goby)', 'new 6ps', 'new 6ps', '', 'DOST GIA', '', '', '', '', '', '', '2024-05-01', '2025-12-31', '2022-01-01', '2024-06-02', '2024-06-02 - 2024-06-10', '2024-06-10 - 2024-06-20', '', '', '', '', 'xsscddsdssdssssfhddfdd', 'New', '', '', '', '', '', '', '', '', '', '', '', '', '', '', '', '', '', 'Joshua Barte', '2024-05-21 10:39:28', '2024-05-27 09:31:30', ''),
(35, '', 'Aquafeeds', 'pinakabago', 'pinakabago', 'JJSV', '', '', '', '', '', '', '', '2024-06-01', '2024-06-30', '', '', '', '', '', '', '', '', '', '', '', '', '', '', '', '', '', '', '', '', '', '', '', '', '', '', '', 'Joshua Barte', '2024-06-11 00:08:14', '2024-06-11 00:08:42', ''),
(36, '', 'Shrimp', 'asdadasdfs', 'sdfsfsfsfsdfsdfdsf', '', '', '', '', '', '', '', '', '2024-07-25', '2026-07-30', '', '', '', '', '', '', '', '', '', '', '', '', '', '', '', '', '', '', '', '', '2024-07-01 (adwaqdawd), 2024-07-23 - 2024-08-10 (awdawdasfdfdsdf), 2024-07-01 - 2024-07-18 (fdfsfsdfsfsf)', '', '', '', '', '', '', 'Joshua Barte', '2024-07-14 04:30:09', '2024-07-23 02:47:49', ''),
(37, '', 'Shrimp', 'adasd', 'asdad', '', '', '', '', '', '', '', '', '2024-09-24', '2024-09-28', '', '', '', '', '', '', '', '', '', 'Completed', '', '', '', '', '', '', '', '', '', '', ' ()', '', '', '', '', '', '', 'Joshua Barte', '2024-09-22 07:45:24', '2024-09-22 07:45:46', ''),
(38, '2313', '', '3adad', 'asdad', '', '', '', '', '', '', '', '', '2024-09-19', '2024-09-28', '', '', '', '', '', '', '', '', '', '', '', '', '', '', '', '', '', '', '', '', '', '', '', '', '', '', '', 'Joshua Barte', '2024-09-22 08:03:19', '2024-09-22 08:03:19', ''),
(39, '232', 'Inland Biodiversity (Eel)', 'adad', 'adassd', '', '', '', '', '', '', '', '', '2024-09-28', '2024-09-30', '', '', '', '', '', '', '', '', '', 'Ongoing', '', '', '', '', '', '', '', '', '', '', '', '', '', '', '', '', '', 'Joshua Barte', '2024-09-22 08:25:25', '2024-09-22 08:25:25', ''),
(40, '23133', 'Inland Biodiversity (Eel)', 'awdaw', 'dwadawd', '', '', '', '', '', '', '', '', '2024-09-27', '2024-09-30', '', '', '', '', '', '', '', '', '', 'Ongoing', '', '', '', '', '', '', '', '', '', '', '', '', '', '', '', '', '', 'Joshua Barte', '2024-09-23 07:12:13', '2024-09-23 07:12:13', ''),
(41, '', 'Inland Biodiversity (Cyprinids)', 'fdsf', 'dfdfdf', '', '', '', '', '', '', '', '', '2024-09-26', '2026-07-29', '', '', '', '', '', '', '', '', '', 'New', '', '', '', '', '', '', '', '', '', '', ' ()', '', '', '', '', '', '', 'Joshua Barte', '2024-09-26 03:26:03', '2024-09-26 03:26:31', '');

-- --------------------------------------------------------

--
-- Table structure for table `proposals_tbl`
--

CREATE TABLE `proposals_tbl` (
  `id` int(200) NOT NULL,
  `ISP` varchar(200) NOT NULL,
  `programTitle` varchar(9999) NOT NULL,
  `projectTitle` text NOT NULL,
  `responsiblePerson` text NOT NULL,
  `implementingAgency` varchar(200) NOT NULL,
  `programLeader` varchar(200) NOT NULL,
  `leadTRD` varchar(200) NOT NULL,
  `funding` varchar(200) NOT NULL,
  `quarter` varchar(200) NOT NULL,
  `date` varchar(200) NOT NULL,
  `remarks` varchar(200) NOT NULL,
  `created_at` varchar(200) NOT NULL,
  `updated_at` varchar(200) NOT NULL,
  `deleted_at` varchar(200) NOT NULL
) ENGINE=InnoDB DEFAULT CHARSET=utf8 COLLATE=utf8_general_ci;

--
-- Dumping data for table `proposals_tbl`
--

INSERT INTO `proposals_tbl` (`id`, `ISP`, `programTitle`, `projectTitle`, `responsiblePerson`, `implementingAgency`, `programLeader`, `leadTRD`, `funding`, `quarter`, `date`, `remarks`, `created_at`, `updated_at`, `deleted_at`) VALUES
(1, 'Mussel', 'Accelerated R&D Program for Capacity Building of Research and Development Institutions and Industrial Competitiveness: Collaborative Research and Development to Leverage Philippine Economy (CRADLE)\n', 'Synergizing Mussel Technologies for Better Quality Mussels in Sapian, Capiz\n', 'KLT', 'UPV', 'Ms. Rose T. Mueda', 'IARRD', 'PCAARRD GIA', '1st', '2022-12-28', 'Approved', '2024-05-10 09:11:25', '2024-09-22 07:34:13', ''),
(2, 'Tilapia', 'aasas', 'asas', 'GRO', 'aasd', 'aasdadsd', 'asdssa', 'PCAARRD GIA', '3rd', '2024-09-26', 'Disapproved', '2024-09-22 07:36:30', '2024-09-22 07:36:30', ''),
(3, 'Aquafeeds', 'awadaw', 'aa', 'JJSV', 'aa', 'aasdad', 'adsadad', 'DOST GIA', '1st', '2024-09-25', 'Resubmission', '2024-09-22 07:37:12', '2024-09-22 07:37:12', ''),
(4, '', '', '', '', '', '', '', '', '', '', 'Under Evaluation', '2024-09-22 07:37:44', '2024-09-22 07:37:44', ''),
(5, '', '', '', '', '', '', '', '', '', '', 'Revision', '2024-09-22 07:37:58', '2024-09-22 07:37:58', '');

-- --------------------------------------------------------

--
-- Table structure for table `releases_tbl`
--

CREATE TABLE `releases_tbl` (
  `id` int(11) UNSIGNED NOT NULL,
  `project_id` int(11) NOT NULL,
  `programmedAmount` decimal(10,2) NOT NULL,
  `regionIA` varchar(200) NOT NULL,
  `particulars` varchar(200) NOT NULL,
  `dvNo` varchar(200) NOT NULL,
  `dateOfRelease` varchar(200) NOT NULL,
  `month` varchar(200) NOT NULL,
  `actualRelease` varchar(200) NOT NULL,
  `remarksReleases` varchar(200) NOT NULL,
  `statusReleases` varchar(200) NOT NULL,
  `created_at` varchar(200) NOT NULL,
  `updated_at` varchar(200) NOT NULL,
  `deleted_at` varchar(200) NOT NULL
) ENGINE=InnoDB DEFAULT CHARSET=utf8 COLLATE=utf8_general_ci;

--
-- Dumping data for table `releases_tbl`
--

INSERT INTO `releases_tbl` (`id`, `project_id`, `programmedAmount`, `regionIA`, `particulars`, `dvNo`, `dateOfRelease`, `month`, `actualRelease`, `remarksReleases`, `statusReleases`, `created_at`, `updated_at`, `deleted_at`) VALUES
(1, 1, 2470714.47, '', 'Y2 Q1-Q2   (January to June 2022)', '', '2022-03-22', 'March', '1885015.86', 'Released', '', '2024-05-09 10:05:07', '2024-05-09 10:18:18', ''),
(2, 2, 0.00, '', '', '', '', '', '', '', '', '2024-05-09 10:06:54', '2024-05-09 10:06:54', ''),
(3, 3, 0.00, 'Region VIII (Eastern Visayas)', '', '', '', '', '', '', '', '2024-05-12 08:43:44', '2024-05-16 12:44:24', ''),
(4, 4, 0.00, '', '', '', '', '', '', '', '', '2024-05-12 10:00:18', '2024-05-12 10:00:18', ''),
(5, 5, 0.00, '', '', '', '', '', '', '', '', '2024-05-12 10:08:46', '2024-05-12 10:08:46', ''),
(6, 6, 0.00, '', '', '', '', '', '', '', '', '2024-05-12 10:16:53', '2024-05-12 10:16:53', ''),
(7, 7, 0.00, '', '', '', '', '', '', '', '', '2024-05-12 11:23:46', '2024-05-12 11:23:46', ''),
(8, 8, 0.00, '', '', '', '', '', '', '', '', '2024-05-12 11:25:55', '2024-05-12 11:25:55', ''),
(9, 9, 0.00, '', '', '', '', '', '', '', '', '2024-05-12 11:30:24', '2024-05-12 11:30:24', ''),
(10, 10, 31231.00, '', '', '', '', '', '', '', '', '2024-05-12 11:31:57', '2024-05-12 15:46:12', ''),
(11, 11, 0.00, '', '', '', '', '', '', '', '', '2024-05-12 11:33:50', '2024-05-12 11:33:50', ''),
(12, 12, 0.00, '', '', '', '', '', '', '', '', '2024-05-12 11:35:12', '2024-05-12 11:35:12', ''),
(13, 13, 0.00, '', '', '', '', '', '', '', '', '2024-05-12 11:40:03', '2024-05-12 11:40:03', ''),
(14, 14, 0.00, '', '', '', '', '', '', '', '', '2024-05-12 11:41:36', '2024-05-12 11:41:36', ''),
(15, 15, 0.00, '', '', '', '', '', '', '', '', '2024-05-12 11:52:04', '2024-05-12 11:52:04', ''),
(16, 16, 0.00, '', '', '', '', '', '', '', '', '2024-05-12 11:53:11', '2024-05-12 11:53:11', ''),
(17, 17, 0.00, '', '', '', '', '', '', '', '', '2024-05-12 11:59:05', '2024-05-12 11:59:05', ''),
(18, 18, 0.00, '', '', '', '', '', '', '', '', '2024-05-12 12:05:44', '2024-05-12 12:05:44', ''),
(19, 19, 0.00, '', '', '', '', '', '', '', '', '2024-05-12 12:09:59', '2024-05-12 12:09:59', ''),
(20, 20, 0.00, '', '', '', '', '', '', '', '', '2024-05-12 12:22:29', '2024-05-12 12:22:29', ''),
(21, 21, 0.00, '', '', '', '', '', '', '', '', '2024-05-12 12:23:02', '2024-05-12 12:23:02', ''),
(22, 22, 0.00, '', '', '', '', '', '', '', '', '2024-05-12 12:24:03', '2024-05-12 12:24:03', ''),
(23, 23, 0.00, '', '', '', '', '', '', '', '', '2024-05-12 13:09:20', '2024-05-12 13:09:20', ''),
(24, 24, 0.00, '', '', '', '', '', '', '', '', '2024-05-12 13:18:06', '2024-05-12 13:18:06', ''),
(25, 25, 0.00, '', '', '', '', '', '', '', '', '2024-05-15 12:13:42', '2024-05-15 12:13:42', ''),
(26, 26, 0.00, '', '', '', '', '', '', '', '', '2024-05-15 12:13:49', '2024-05-15 12:13:49', ''),
(27, 27, 0.00, '', '', '', '', '', '', '', '', '2024-05-15 12:13:50', '2024-05-15 12:13:50', ''),
(28, 28, 2312312.00, 'Region IV-A (CALABARZON)', '', '3243', '2024-05-01', '', '2312322', '', '', '2024-05-15 12:13:52', '2024-05-18 06:51:57', ''),
(29, 29, 0.00, 'Region VIII (Eastern Visayas)', '', '', '', '', '', '', '', '2024-05-15 12:18:59', '2024-05-16 11:46:38', ''),
(30, 30, 0.00, '', '', '', '', '', '', '', '', '2024-05-18 11:39:27', '2024-05-18 11:39:27', ''),
(31, 31, 0.00, '', '', '', '', '', '', '', '', '2024-05-20 13:51:00', '2024-05-20 13:51:00', ''),
(32, 32, 0.00, '', '', '', '', '', '', '', '', '2024-05-21 07:50:25', '2024-05-21 07:50:25', ''),
(33, 33, 0.00, '', '', '', '', '', '', '', '', '2024-05-21 07:53:11', '2024-05-21 07:53:11', ''),
(34, 34, 2312321.00, '', '', '', '', '', '1232132', 'Released (2024-07-27)', '', '2024-05-21 10:39:28', '2024-07-14 02:57:36', ''),
(35, 35, 0.00, '', '', '', '', '', '', '', '', '2024-06-11 00:08:14', '2024-06-11 00:08:14', ''),
(36, 36, 0.00, '', '', '', '', '', '', '', '', '2024-07-14 04:30:09', '2024-07-14 04:30:09', ''),
(37, 37, 0.00, '', '', '', '', '', '', '', '', '2024-09-22 07:45:24', '2024-09-22 07:45:24', ''),
(38, 38, 0.00, '', '', '', '', '', '', '', '', '2024-09-22 08:03:19', '2024-09-22 08:03:19', ''),
(39, 39, 0.00, '', '', '', '', '', '', '', '', '2024-09-22 08:25:25', '2024-09-22 08:25:25', ''),
(40, 40, 0.00, '', '', '', '2026-02-18', 'February 2026', '', '', '', '2024-09-23 07:12:13', '2024-09-26 03:24:38', ''),
(41, 41, 0.00, '', '', '', '', '', '', '', '', '2024-09-26 03:26:03', '2024-09-26 03:26:03', '');

-- --------------------------------------------------------

--
-- Table structure for table `sixps_tbl`
--

CREATE TABLE `sixps_tbl` (
  `id` int(11) NOT NULL,
  `project_id` int(11) NOT NULL,
  `year` int(4) NOT NULL,
  `targetPublication` text NOT NULL,
  `actualaccomplishmentPeer` text NOT NULL,
  `actualaccomplishmentJournal` text NOT NULL,
  `actualaccomplishmentPresented` text NOT NULL,
  `details` text NOT NULL,
  `actualaccomplishmentIEC` text NOT NULL,
  `targetProduct` text NOT NULL,
  `techName` text NOT NULL,
  `techDescription` text NOT NULL,
  `targetPatent` text NOT NULL,
  `agency` text NOT NULL,
  `techNamePro` text NOT NULL,
  `statusSix` text NOT NULL,
  `dost` text NOT NULL,
  `patentNumber` text NOT NULL,
  `targetPeople` text NOT NULL,
  `namesBS` text NOT NULL,
  `namesMS` text NOT NULL,
  `namesPhD` text NOT NULL,
  `targetPlaces` text NOT NULL,
  `cooperators` text NOT NULL,
  `international` text NOT NULL,
  `privateSixPS` text NOT NULL,
  `targetPolicy` text NOT NULL,
  `policyRecommendation` text NOT NULL,
  `created_at` varchar(200) NOT NULL,
  `updated_at` varchar(200) NOT NULL,
  `deleted_at` varchar(200) NOT NULL
) ENGINE=InnoDB DEFAULT CHARSET=utf8 COLLATE=utf8_general_ci;

--
-- Dumping data for table `sixps_tbl`
--

INSERT INTO `sixps_tbl` (`id`, `project_id`, `year`, `targetPublication`, `actualaccomplishmentPeer`, `actualaccomplishmentJournal`, `actualaccomplishmentPresented`, `details`, `actualaccomplishmentIEC`, `targetProduct`, `techName`, `techDescription`, `targetPatent`, `agency`, `techNamePro`, `statusSix`, `dost`, `patentNumber`, `targetPeople`, `namesBS`, `namesMS`, `namesPhD`, `targetPlaces`, `cooperators`, `international`, `privateSixPS`, `targetPolicy`, `policyRecommendation`, `created_at`, `updated_at`, `deleted_at`) VALUES
(1, 1, 0, '', '', '', '', '', '', '', '', '', '', '', '', '', '', '', '', '', '', '', '', '', '', '', '', '', '2024-05-09 10:05:07', '2024-05-16 13:11:23', ''),
(2, 2, 0, '', '', '', '', '', '', '', '', '', '', '', '', '', '', '', '', '', '', '', '', '', '', '', '', '', '2024-05-09 10:06:54', '2024-05-15 10:18:01', ''),
(3, 3, 0, '', '', '', '', '', '', '', '', '', '', '', '', '', '', '', '', '', '', '', '', '', '', '', '', '', '2024-05-12 08:43:44', '2024-05-15 10:18:38', ''),
(4, 4, 0, '', '', '', '', '', '', '', '', '', '', '', '', '', '', '', '', '', '', '', '', '', '', '', '', '', '2024-05-12 10:00:18', '2024-05-12 10:00:18', ''),
(5, 5, 0, '', '', '', '', '', '', '', '', '', '', '', '', '', '', '', '', '', '', '', '', '', '', '', '', '', '2024-05-12 10:08:46', '2024-05-12 10:08:46', ''),
(6, 6, 0, '', '', '', '', '', '', '', '', '', '', '', '', '', '', '', '', '', '', '', '', '', '', '', '', '', '2024-05-12 10:16:53', '2024-05-12 10:16:53', ''),
(7, 7, 0, '', '', '', '', '', '', '', '', '', '', '', '', '', '', '', '', '', '', '', '', '', '', '', '', '', '2024-05-12 11:23:46', '2024-05-12 11:23:46', ''),
(8, 8, 0, '', '', '', '', '', '', '', '', '', '', '', '', '', '', '', '', '', '', '', '', '', '', '', '', '', '2024-05-12 11:25:55', '2024-05-12 11:27:50', ''),
(9, 9, 0, '', '', '', '', '', '', '', '', '', '', '', '', '', '', '', '', '', '', '', '', '', '', '', '', '', '2024-05-12 11:30:24', '2024-05-12 11:30:24', ''),
(10, 10, 0, '', '', '', '', '', '', '', '', '', '', '', '', '', '', '', '', '', '', '', '', '', '', '', '', '', '2024-05-12 11:31:57', '2024-05-18 09:20:36', ''),
(11, 11, 0, '', '', '', '', '', '', '', '', '', '', '', '', '', '', '', '', '', '', '', '', '', '', '', '', '', '2024-05-12 11:33:50', '2024-05-12 11:33:50', ''),
(12, 12, 0, '', '', '', '', '', '', '', '', '', '', '', '', '', '', '', '', '', '', '', '', '', '', '', '', '', '2024-05-12 11:35:12', '2024-05-12 11:35:12', ''),
(13, 13, 0, '', '', '', '', '', '', '', '', '', '', '', '', '', '', '', '', '', '', '', '', '', '', '', '', '', '2024-05-12 11:40:03', '2024-05-12 11:40:03', ''),
(14, 14, 0, '', '', '', '', '', '', '', '', '', '', '', '', '', '', '', '', '', '', '', '', '', '', '', '', '', '2024-05-12 11:41:36', '2024-05-12 11:41:36', ''),
(15, 15, 0, '', '', '', '', '', '', '', '', '', '', '', '', '', '', '', '', '', '', '', '', '', '', '', '', '', '2024-05-12 11:52:04', '2024-05-12 11:52:04', ''),
(16, 16, 0, '', '', '', '', '', '', '', '', '', '', '', '', '', '', '', '', '', '', '', '', '', '', '', '', '', '2024-05-12 11:53:11', '2024-05-12 11:53:11', ''),
(17, 17, 0, '', '', '', '', '', '', '', '', '', '', '', '', '', '', '', '', '', '', '', '', '', '', '', '', '', '2024-05-12 11:59:05', '2024-05-12 11:59:05', ''),
(18, 18, 0, '', '', '', '', '', '', '', '', '', '', '', '', '', '', '', '', '', '', '', '', '', '', '', '', '', '2024-05-12 12:05:44', '2024-05-12 12:07:25', ''),
(19, 19, 0, '', '', '', '', '', '', '', '', '', '', '', '', '', '', '', '', '', '', '', '', '', '', '', '', '', '2024-05-12 12:09:59', '2024-05-12 12:09:59', ''),
(20, 20, 0, '', '', '', '', '', '', '', '', '', '', '', '', '', '', '', '', '', '', '', '', '', '', '', '', '', '2024-05-12 12:22:29', '2024-05-12 12:22:29', ''),
(21, 21, 0, '', '', '', '', '', '', '', '', '', '', '', '', '', '', '', '', '', '', '', '', '', '', '', '', '', '2024-05-12 12:23:02', '2024-05-12 12:23:02', ''),
(22, 22, 0, '', '', '', '', '', '', '', '', '', '', '', '', '', '', '', '', '', '', '', '', '', '', '', '', '', '2024-05-12 12:24:03', '2024-05-15 10:20:09', ''),
(23, 23, 0, '', '', '', '', '', '', '', '', '', '', '', '', '', '', '', '', '', '', '', '', '', '', '', '', '', '2024-05-12 13:09:20', '2024-05-12 13:09:20', ''),
(24, 24, 0, '', '', '', '', '', '', '', '', '', '', '', '', '', '', '', '', '', '', '', '', '', '', '', '', '', '2024-05-12 13:18:06', '2024-05-12 13:18:06', ''),
(25, 25, 0, '', '', '', '', '', '', '', '', '', '', '', '', '', '', '', '', '', '', '', '', '', '', '', '', '', '2024-05-15 12:13:42', '2024-05-15 12:13:42', ''),
(26, 26, 0, '', '', '', '', '', '', '', '', '', '', '', '', '', '', '', '', '', '', '', '', '', '', '', '', '', '2024-05-15 12:13:49', '2024-05-15 12:13:49', ''),
(27, 27, 0, '', '', '', '', '', '', '', '', '', '', '', '', '', '', '', '', '', '', '', '', '', '', '', '', '', '2024-05-15 12:13:50', '2024-05-16 10:00:30', ''),
(28, 28, 0, '', '', '', '', '', '', '', '', '', '', '', '', '', 'Yes', '', '', '', '', '', '', '', '', '', '', '', '2024-05-15 12:13:52', '2024-05-18 10:04:42', ''),
(29, 29, 0, '', '', '', '', '', '', '', '', '', '', '', '', '', '', '', '', '', '', '', '', '', '', '', '', '', '2024-05-15 12:18:59', '2024-05-16 11:46:24', ''),
(30, 30, 0, '', '', '', '', '', '', '', '', '', '', '', '', '', '', '', '', '', '', '', '', '', '', '', '', '', '2024-05-18 11:39:27', '2024-05-18 11:39:27', ''),
(31, 31, 0, '', '', '', '', '', '', '', '', '', '', '', '', '', '', '', '', '', '', '', '', '', '', '', '', '', '2024-05-20 13:51:00', '2024-05-20 13:51:00', ''),
(32, 32, 0, '', '', '', '', '', '', '', '', '', '', '', '', '', '', '', '', '', '', '', '', '', '', '', '', '', '2024-05-21 07:50:25', '2024-05-21 07:50:37', ''),
(33, 32, 0, '', '', '', '', '', '', '', '', '', '', '', '', '', '', '', '', '', '', '', '', '', '', '', '', '', '2024-05-21 07:50:25', '2024-05-21 09:02:01', ''),
(34, 32, 0, '', '', '', '', '', '', '', '', '', '', '', '', '', '', '', '', '', '', '', '', '', '', '', '', '', '2024-05-21 07:50:25', '2024-05-21 07:50:25', ''),
(35, 32, 0, '', '', '', '', '', '', '', '', '', '', '', '', '', '', '', '', '', '', '', '', '', '', '', '', '', '2024-05-21 07:50:25', '2024-05-21 07:50:25', ''),
(36, 33, 2023, '', '', '', '', '', '', '', '', '', '', '', '', '', '', '', '', '', '', '', '', '', '', '', '', '', '2024-05-21 07:53:11', '2024-06-02 04:51:56', ''),
(37, 33, 2024, '', '', '', '', '', '', '', '', '', '', '', '', '', '', '', '', '', '', '', '', '', '', '', '', '', '2024-05-21 07:53:11', '2024-06-02 04:51:56', ''),
(38, 33, 2025, '', '', 'adsad', 'asdasd', '', 'asdasd', '', '', '', '', '', '', '', '', '', '', '', '', '', '', '', '', '', '', 'asdasd', '2024-05-21 07:53:11', '2024-06-02 04:51:56', ''),
(39, 33, 2026, '', '', '', '', '', '', '', '', '', '', '', '', '', '', '', '', '', '', '', '', '', '', '', '', '', '2024-05-21 07:53:11', '2024-06-02 04:51:56', ''),
(40, 34, 2024, 'asdasdfszdcvvvdtae', 'sda', 'asd', 'asd', 'dfgdfd', 'asdasd', 'dfgdfgdfg', 'dfgdfg', 'dfg', 'gdfg', 'dfgfdsad', 'dfgdfg', 'fdgdfg', 'Yes', 'dfgdfg', 'dfg', 'dfgdfg', 'gdfg', 'dfgdf', 'dfgdz', 'sads', 'asdad', 'dsfgdf', 'sdf', 'fsdfsd', '2024-05-21 10:39:28', '2024-05-27 09:31:31', ''),
(41, 34, 2025, 'dasdasfdfftae', 'asdsdf', 'asda', 'sd', 'dfsdadwad', 'asd', 'sdf', 'fsdf', 'sdfsd', 'fsdf', 'sdfsdd', 'sdf', 'sdfsdf', 'No', 'fsdf', 'sdfds', 'fds', 'fsdf', 'sdf', 'fdsfs', 'sdf', 'sdf', 'dsfsdf', 'dsf', 'sdfsdf', '2024-05-21 10:39:28', '2024-05-27 09:31:31', ''),
(42, 35, 2024, '', '', '', '', '', '', '', '', '', '', '', '', '', '', '', '', '', '', '', '', '', '', '', '', '', '2024-06-11 00:08:14', '2024-06-11 00:08:42', ''),
(43, 36, 2024, '', '', '', '', '', '', '', '', '', '', '', '', '', '', '', '', '', '', '', '', '', '', '', '', '', '2024-07-14 04:30:09', '2024-07-23 02:47:49', ''),
(44, 36, 2025, '', '', '', '', '', '', '', '', '', '', '', '', '', '', '', '', '', '', '', '', '', '', '', '', '', '2024-07-14 04:30:09', '2024-07-23 02:47:49', ''),
(45, 36, 2026, '', '', '', '', '', '', '', '', '', '', '', '', '', '', '', '', '', '', '', '', '', '', '', '', '', '2024-07-14 04:30:09', '2024-07-23 02:47:49', ''),
(46, 37, 2024, '', '', '', '', '', '', '', '', '', '', '', '', '', '', '', '', '', '', '', '', '', '', '', '', '', '2024-09-22 07:45:24', '2024-09-22 07:45:46', ''),
(47, 38, 2024, '', '', '', '', '', '', '', '', '', '', '', '', '', '', '', '', '', '', '', '', '', '', '', '', '', '2024-09-22 08:03:19', '2024-09-22 08:03:19', ''),
(48, 39, 2024, '', '', '', '', '', '', '', '', '', '', '', '', '', '', '', '', '', '', '', '', '', '', '', '', '', '2024-09-22 08:25:25', '2024-09-22 08:25:25', ''),
(49, 40, 2024, '', '', '', '', '', '', '', '', '', '', '', '', '', '', '', '', '', '', '', '', '', '', '', '', '', '2024-09-23 07:12:13', '2024-09-23 07:12:13', ''),
(50, 41, 2024, '', '', '', '', '', '', '', '', '', '', '', '', '', '', '', '', '', '', '', '', '', '', '', '', '', '2024-09-26 03:26:03', '2024-09-26 03:26:32', ''),
(51, 41, 2025, '', '', '', '', '', '', '', '', '', '', '', '', '', '', '', '', '', '', '', '', '', '', '', '', '', '2024-09-26 03:26:03', '2024-09-26 03:26:32', ''),
(52, 41, 2026, '', '', '', '', '', '', '', '', '', '', '', '', '', '', '', '', '', '', '', '', '', '', '', '', '', '2024-09-26 03:26:03', '2024-09-26 03:26:32', '');

-- --------------------------------------------------------

--
-- Table structure for table `user`
--

CREATE TABLE `user` (
  `id` int(11) NOT NULL,
  `first_name` varchar(200) NOT NULL,
  `last_name` varchar(200) NOT NULL,
  `password` varchar(200) NOT NULL,
  `email` varchar(200) NOT NULL,
  `user_lvl` varchar(200) NOT NULL,
  `reset_token` varchar(200) NOT NULL,
  `created_at` varchar(200) NOT NULL,
  `updated_at` varchar(200) NOT NULL,
  `deleted_at` varchar(200) NOT NULL
) ENGINE=InnoDB DEFAULT CHARSET=utf8 COLLATE=utf8_general_ci;

--
-- Dumping data for table `user`
--

INSERT INTO `user` (`id`, `first_name`, `last_name`, `password`, `email`, `user_lvl`, `reset_token`, `created_at`, `updated_at`, `deleted_at`) VALUES
(1, 'Joshua', 'Barte', 'admin', 'bartejoshua190@gmail.com', '0', '', '2024-05-09 09:29:55', '2024-05-14 12:03:24', ''),
(2, 'sample', 'sample', 'sample', 'sample@gmail.com', '1', '', '2024-05-15 09:58:24', '2024-05-15 09:59:53', '');

--
-- Indexes for dumped tables
--

--
-- Indexes for table `archive_proposals_tbl`
--
ALTER TABLE `archive_proposals_tbl`
  ADD PRIMARY KEY (`id`);

--
-- Indexes for table `budget_tbl`
--
ALTER TABLE `budget_tbl`
  ADD PRIMARY KEY (`id`),
  ADD KEY `budget_tbl_project_id_foreign` (`project_id`);

--
-- Indexes for table `counterpartfund_tbl`
--
ALTER TABLE `counterpartfund_tbl`
  ADD PRIMARY KEY (`id`),
  ADD KEY `counterpartFund_tbl_project_id_foreign` (`project_id`);

--
-- Indexes for table `files_tbl`
--
ALTER TABLE `files_tbl`
  ADD PRIMARY KEY (`id`),
  ADD KEY `files_tbl_project_id_foreign` (`project_id`);

--
-- Indexes for table `migrations`
--
ALTER TABLE `migrations`
  ADD PRIMARY KEY (`id`);

--
-- Indexes for table `projects_tbl`
--
ALTER TABLE `projects_tbl`
  ADD PRIMARY KEY (`id`);

--
-- Indexes for table `proposals_tbl`
--
ALTER TABLE `proposals_tbl`
  ADD PRIMARY KEY (`id`);

--
-- Indexes for table `releases_tbl`
--
ALTER TABLE `releases_tbl`
  ADD PRIMARY KEY (`id`),
  ADD KEY `releases_tbl_project_id_foreign` (`project_id`);

--
-- Indexes for table `sixps_tbl`
--
ALTER TABLE `sixps_tbl`
  ADD PRIMARY KEY (`id`),
  ADD KEY `sixPS_tbl_project_id_foreign` (`project_id`);

--
-- Indexes for table `user`
--
ALTER TABLE `user`
  ADD PRIMARY KEY (`id`);

--
-- AUTO_INCREMENT for dumped tables
--

--
-- AUTO_INCREMENT for table `archive_proposals_tbl`
--
ALTER TABLE `archive_proposals_tbl`
  MODIFY `id` int(200) NOT NULL AUTO_INCREMENT;

--
-- AUTO_INCREMENT for table `budget_tbl`
--
ALTER TABLE `budget_tbl`
  MODIFY `id` int(11) UNSIGNED NOT NULL AUTO_INCREMENT, AUTO_INCREMENT=66;

--
-- AUTO_INCREMENT for table `counterpartfund_tbl`
--
ALTER TABLE `counterpartfund_tbl`
  MODIFY `id` int(11) UNSIGNED NOT NULL AUTO_INCREMENT, AUTO_INCREMENT=65;

--
-- AUTO_INCREMENT for table `files_tbl`
--
ALTER TABLE `files_tbl`
  MODIFY `id` int(11) UNSIGNED NOT NULL AUTO_INCREMENT, AUTO_INCREMENT=14;

--
-- AUTO_INCREMENT for table `migrations`
--
ALTER TABLE `migrations`
  MODIFY `id` bigint(20) UNSIGNED NOT NULL AUTO_INCREMENT, AUTO_INCREMENT=18;

--
-- AUTO_INCREMENT for table `projects_tbl`
--
ALTER TABLE `projects_tbl`
  MODIFY `id` int(200) NOT NULL AUTO_INCREMENT, AUTO_INCREMENT=42;

--
-- AUTO_INCREMENT for table `proposals_tbl`
--
ALTER TABLE `proposals_tbl`
  MODIFY `id` int(200) NOT NULL AUTO_INCREMENT, AUTO_INCREMENT=6;

--
-- AUTO_INCREMENT for table `releases_tbl`
--
ALTER TABLE `releases_tbl`
  MODIFY `id` int(11) UNSIGNED NOT NULL AUTO_INCREMENT, AUTO_INCREMENT=42;

--
-- AUTO_INCREMENT for table `sixps_tbl`
--
ALTER TABLE `sixps_tbl`
  MODIFY `id` int(11) NOT NULL AUTO_INCREMENT, AUTO_INCREMENT=53;

--
-- AUTO_INCREMENT for table `user`
--
ALTER TABLE `user`
  MODIFY `id` int(11) NOT NULL AUTO_INCREMENT, AUTO_INCREMENT=3;

--
-- Constraints for dumped tables
--

--
-- Constraints for table `budget_tbl`
--
ALTER TABLE `budget_tbl`
  ADD CONSTRAINT `budget_tbl_project_id_foreign` FOREIGN KEY (`project_id`) REFERENCES `projects_tbl` (`id`);

--
-- Constraints for table `counterpartfund_tbl`
--
ALTER TABLE `counterpartfund_tbl`
  ADD CONSTRAINT `counterpartFund_tbl_project_id_foreign` FOREIGN KEY (`project_id`) REFERENCES `projects_tbl` (`id`);

--
-- Constraints for table `files_tbl`
--
ALTER TABLE `files_tbl`
  ADD CONSTRAINT `files_tbl_project_id_foreign` FOREIGN KEY (`project_id`) REFERENCES `projects_tbl` (`id`);

--
-- Constraints for table `releases_tbl`
--
ALTER TABLE `releases_tbl`
  ADD CONSTRAINT `releases_tbl_project_id_foreign` FOREIGN KEY (`project_id`) REFERENCES `projects_tbl` (`id`);

--
-- Constraints for table `sixps_tbl`
--
ALTER TABLE `sixps_tbl`
  ADD CONSTRAINT `sixPS_tbl_project_id_foreign` FOREIGN KEY (`project_id`) REFERENCES `projects_tbl` (`id`);
COMMIT;

/*!40101 SET CHARACTER_SET_CLIENT=@OLD_CHARACTER_SET_CLIENT */;
/*!40101 SET CHARACTER_SET_RESULTS=@OLD_CHARACTER_SET_RESULTS */;
/*!40101 SET COLLATION_CONNECTION=@OLD_COLLATION_CONNECTION */;
